Day,Barrels
2/5/2021,1313632
1/29/2021,1324801
1/22/2021,1321882
1/15/2021,1333589
1/8/2021,1334270
1/1/2021,1343695
12/25/2020,1342040
12/18/2020,1356969
12/11/2020,1367643
12/4/2020,1373886
11/27/2020,1353960
11/20/2020,1353844
11/13/2020,1354914
11/6/2020,1365069
10/30/2020,1376547
10/23/2020,1391224
10/16/2020,1395103
10/9/2020,1402338
10/2/2020,1419134
9/25/2020,1421111
9/18/2020,1421684
9/11/2020,1429163
9/4/2020,1424862
8/28/2020,1428283
8/21/2020,1436037
8/14/2020,1443809
8/7/2020,1446420
7/31/2020,1452571
7/24/2020,1454680
7/17/2020,1461159
7/10/2020,1452344
7/3/2020,1461620
6/26/2020,1451779
6/19/2020,1450655
6/12/2020,1446723
6/5/2020,1439638
5/29/2020,1429929
5/22/2020,1414785
5/15/2020,1399920
5/8/2020,1394885
5/1/2020,1395429
4/24/2020,1377513
4/17/2020,1367104
4/10/2020,1341573
4/3/2020,1314332
3/27/2020,1281285
3/20/2020,1260286
3/13/2020,1257983
3/6/2020,1265513
2/28/2020,1273193
2/21/2020,1285009
2/14/2020,1286969
2/7/2020,1288042
1/31/2020,1289038
1/24/2020,1289749
1/17/2020,1288470
1/10/2020,1290164
1/3/2020,1275734
12/27/2019,1261072
12/20/2019,1264193
12/13/2019,1274640
12/6/2019,1275651
11/29/2019,1258490
11/22/2019,1263549
11/15/2019,1263559
11/8/2019,1268828
11/1/2019,1274794
10/25/2019,1270532
10/18/2019,1273084
10/11/2019,1282157
10/4/2019,1283980
9/27/2019,1292311
9/20/2019,1293239
9/13/2019,1292668
9/6/2019,1291893
8/30/2019,1294933
8/23/2019,1299927
8/16/2019,1311222
8/9/2019,1307338
8/2/2019,1304775
7/26/2019,1294383
7/19/2019,1304457
7/12/2019,1310905
7/5/2019,1298926
6/28/2019,1302493
6/21/2019,1299928
6/14/2019,1311841
6/7/2019,1312314
5/31/2019,1303043
5/24/2019,1280243
5/17/2019,1281538
5/10/2019,1264667
5/3/2019,1249867
4/26/2019,1251659
4/19/2019,1238616
4/12/2019,1229596
4/5/2019,1227037
3/29/2019,1222839
3/22/2019,1215839
3/15/2019,1215646
3/8/2019,1228139
3/1/2019,1238107
2/22/2019,1238530
2/15/2019,1256567
2/8/2019,1259376
2/1/2019,1253228
1/25/2019,1256500
1/18/2019,1261419
1/11/2019,1254962
1/4/2019,1250327
12/28/2018,1237084
12/21/2018,1222724
12/14/2018,1224926
12/7/2018,1235469
11/30/2018,1241438
11/23/2018,1250120
11/16/2018,1248229
11/9/2018,1248058
11/2/2018,1249700
10/26/2018,1245372
10/19/2018,1252199
10/12/2018,1260579
10/5/2018,1257958
9/28/2018,1246585
9/21/2018,1238955
9/14/2018,1234518
9/7/2018,1233913
8/31/2018,1223778
8/24/2018,1219898
8/17/2018,1221664
8/10/2018,1224349
8/3/2018,1207015
7/27/2018,1203825
7/20/2018,1193291
7/13/2018,1203204
7/6/2018,1197383
6/29/2018,1204580
6/22/2018,1201064
6/15/2018,1205465
6/8/2018,1205098
6/1/2018,1206800
5/25/2018,1191029
5/18/2018,1189471
5/11/2018,1182615
5/4/2018,1183243
4/27/2018,1184955
4/20/2018,1179589
4/13/2018,1178359
4/6/2018,1188756
3/30/2018,1182747
3/23/2018,1186589
3/16/2018,1188077
3/9/2018,1194701
3/2/2018,1199334
2/23/2018,1199259
2/16/2018,1195623
2/9/2018,1203593
2/2/2018,1206493
1/26/2018,1202142
1/19/2018,1200376
1/12/2018,1203488
1/5/2018,1217289
12/29/2017,1222737
12/22/2017,1221401
12/15/2017,1230309
12/8/2017,1244574
12/1/2017,1247038
11/24/2017,1249581
11/17/2017,1257120
11/10/2017,1257144
11/3/2017,1254436
10/27/2017,1263539
10/20/2017,1269180
10/13/2017,1281177
10/6/2017,1289708
9/29/2017,1291108
9/22/2017,1297413
9/15/2017,1302423
9/8/2017,1308786
9/1/2017,1306989
8/25/2017,1300534
8/18/2017,1301666
8/11/2017,1301666
8/4/2017,1308832
7/28/2017,1313557
7/21/2017,1312666
7/14/2017,1321814
7/7/2017,1332087
6/30/2017,1335894
6/23/2017,1349383
6/16/2017,1348545
6/9/2017,1350468
6/2/2017,1343664
5/26/2017,1327954
5/19/2017,1333099
5/12/2017,1336544
5/5/2017,1332286
4/28/2017,1336032
4/21/2017,1335003
4/14/2017,1328548
4/7/2017,1330350
3/31/2017,1334977
3/24/2017,1333887
3/17/2017,1337877
3/10/2017,1336547
3/3/2017,1344454
2/24/2017,1346694
2/17/2017,1346060
2/10/2017,1356807
2/3/2017,1345340
1/27/2017,1343633
1/20/2017,1338069
1/13/2017,1329108
1/6/2017,1330891
12/30/2016,1317260
12/23/2016,1311033
12/16/2016,1324122
12/9/2016,1336002
12/2/2016,1338118
11/25/2016,1336758
11/18/2016,1336700
11/11/2016,1337000
11/4/2016,1330107
10/28/2016,1337021
10/21/2016,1328257
10/14/2016,1337407
10/7/2016,1341228
9/30/2016,1315693
9/23/2016,1357504
9/16/2016,1357880
9/9/2016,1363947
9/2/2016,1357983
8/26/2016,1371845
8/19/2016,1367347
8/12/2016,1360648
8/5/2016,1359005
7/29/2016,1356301
7/22/2016,1354090
7/15/2016,1351173
7/8/2016,1348469
7/1/2016,1341271
6/24/2016,1337933
6/17/2016,1339096
6/10/2016,1333636
6/3/2016,1334079
5/27/2016,1329747
5/20/2016,1332379
5/13/2016,1333253
5/6/2016,1334025
4/29/2016,1335850
4/22/2016,1333690
4/15/2016,1328303
4/8/2016,1328711
4/1/2016,1322018
3/25/2016,1321574
3/18/2016,1320209
3/11/2016,1313377
3/4/2016,1311750
2/26/2016,1312140
2/19/2016,1302018
2/12/2016,1307078
2/5/2016,1303518
1/29/2016,1303094
1/22/2016,1293511
1/15/2016,1294608
1/8/2016,1288078
1/1/2016,1278051
12/25/2015,1269773
12/18/2015,1269935
12/11/2015,1275094
12/4/2015,1270276
11/27/2015,1273841
11/20/2015,1271706
11/13/2015,1269361
11/6/2015,1269121
10/30/2015,1266757
10/23/2015,1268660
10/16/2015,1272064
10/9/2015,1270600
10/2/2015,1267240
9/25/2015,1264708
9/18/2015,1261218
9/11/2015,1264248
9/4/2015,1255803
8/28/2015,1252526
8/21/2015,1246907
8/14/2015,1243962
8/7/2015,1243009
7/31/2015,1236992
7/24/2015,1237005
7/17/2015,1236879
7/10/2015,1233897
7/3/2015,1230939
6/26/2015,1220363
6/19/2015,1210028
6/12/2015,1216610
6/5/2015,1213870
5/29/2015,1213817
5/22/2015,1206389
5/15/2015,1204157
5/8/2015,1206646
5/1/2015,1212201
4/24/2015,1205988
4/17/2015,1198453
4/10/2015,1189307
4/3/2015,1182063
3/27/2015,1167195
3/20/2015,1163991
3/13/2015,1153514
3/6/2015,1146528
2/27/2015,1143418
2/20/2015,1141121
2/13/2015,1138901
2/6/2015,1139763
1/30/2015,1138099
1/23/2015,1125856
1/16/2015,1123888
1/9/2015,1121784
1/2/2015,1111801
12/26/2014,1106648
12/19/2014,1103824
12/12/2014,1097390
12/5/2014,1096205
11/28/2014,1088914
11/21/2014,1090051
11/14/2014,1094727
11/7/2014,1094691
10/31/2014,1100972
10/24/2014,1103401
10/17/2014,1111871
10/10/2014,1107479
10/3/2014,1106434
9/26/2014,1102727
9/19/2014,1108544
9/12/2014,1107620
9/5/2014,1102718
8/29/2014,1092964
8/22/2014,1091487
8/15/2014,1090065
8/8/2014,1090747
8/1/2014,1089228
7/25/2014,1097336
7/18/2014,1097829
7/11/2014,1092592
7/4/2014,1091366
6/27/2014,1086834
6/20/2014,1087274
6/13/2014,1082101
6/6/2014,1076058
5/30/2014,1070007
5/23/2014,1061212
5/16/2014,1058017
5/9/2014,1055940
5/2/2014,1052492
4/25/2014,1045072
4/18/2014,1037160
4/11/2014,1025138
4/4/2014,1010677
3/28/2014,1005298
3/21/2014,1006569
3/14/2014,1001111
3/7/2014,1001623
2/28/2014,1003492
2/21/2014,1001310
2/14/2014,1001808
2/7/2014,1004308
1/31/2014,1002474
1/24/2014,1007787
1/17/2014,1011556
1/10/2014,1015515
1/3/2014,1025775
12/27/2013,1023985
12/20/2013,1030603
12/13/2013,1043309
12/6/2013,1055906
11/29/2013,1061048
11/22/2013,1068135
11/15/2013,1069774
11/8/2013,1081508
11/1/2013,1087433
10/25/2013,1096218
10/18/2013,1102009
10/11/2013,1098310
10/4/2013,1098421
9/27/2013,1096767
9/20/2013,1091735
9/13/2013,1090254
9/6/2013,1096331
8/30/2013,1092643
8/23/2013,1090878
8/16/2013,1088711
8/9/2013,1091531
8/2/2013,1093386
7/26/2013,1092744
7/19/2013,1091128
7/12/2013,1093410
7/5/2013,1093620
6/28/2013,1100719
6/21/2013,1115384
6/14/2013,1106068
6/7/2013,1099306
5/31/2013,1086394
5/24/2013,1087570
5/17/2013,1077821
5/10/2013,1073593
5/3/2013,1070941
4/26/2013,1067330
4/19/2013,1054975
4/12/2013,1056915
4/5/2013,1054287
3/29/2013,1048801
3/22/2013,1048912
3/15/2013,1050823
3/8/2013,1052279
3/1/2013,1057861
2/22/2013,1060384
2/15/2013,1066279
2/8/2013,1067528
2/1/2013,1074891
1/25/2013,1075095
1/18/2013,1073122
1/11/2013,1075759
1/4/2013,1072323
12/28/2012,1061799
12/21/2012,1071822
12/14/2012,1068820
12/7/2012,1070765
11/30/2012,1065552
11/23/2012,1059620
11/16/2012,1061047
11/9/2012,1067257
11/2/2012,1071985
10/26/2012,1071486
10/19/2012,1071589
10/12/2012,1067619
10/5/2012,1070293
9/28/2012,1074819
9/21/2012,1077250
9/14/2012,1079917
9/7/2012,1068515
8/31/2012,1065745
8/24/2012,1075357
8/17/2012,1070695
8/10/2012,1073700
8/3/2012,1078282
7/27/2012,1079372
7/20/2012,1086595
7/13/2012,1076465
7/6/2012,1075035
6/29/2012,1072240
6/22/2012,1076315
6/15/2012,1073718
6/8/2012,1062637
6/1/2012,1061481
5/25/2012,1056348
5/18/2012,1050852
5/11/2012,1049795
5/4/2012,1046923
4/27/2012,1043752
4/20/2012,1041846
4/13/2012,1041865
4/6/2012,1044090
3/30/2012,1048243
3/23/2012,1035877
3/16/2012,1029557
3/9/2012,1028013
3/2/2012,1032456
2/24/2012,1033857
2/17/2012,1033319
2/10/2012,1030067
2/3/2012,1034037
1/27/2012,1029880
1/20/2012,1021826
1/13/2012,1026101
1/6/2012,1028164
12/30/2011,1021859
12/23/2011,1018458
12/16/2011,1015357
12/9/2011,1033526
12/2/2011,1031522
11/25/2011,1022191
11/18/2011,1014530
11/11/2011,1018429
11/4/2011,1027130
10/28/2011,1042691
10/21/2011,1040885
10/14/2011,1040185
10/7/2011,1051107
9/30/2011,1052618
9/23/2011,1057250
9/16/2011,1056138
9/9/2011,1061390
9/2/2011,1066011
8/26/2011,1070340
8/19/2011,1065994
8/12/2011,1062019
8/5/2011,1057473
7/29/2011,1065611
7/22/2011,1063055
7/15/2011,1051625
7/8/2011,1047827
7/1/2011,1043513
6/24/2011,1043020
6/17/2011,1043343
6/10/2011,1040248
6/3/2011,1040870
5/27/2011,1039179
5/20/2011,1031942
5/13/2011,1025181
5/6/2011,1025247
4/29/2011,1018973
4/22/2011,1011452
4/15/2011,1008543
4/8/2011,1015282
4/1/2011,1020233
3/25/2011,1020327
3/18/2011,1016998
3/11/2011,1017896
3/4/2011,1023018
2/25/2011,1029430
2/18/2011,1035959
2/11/2011,1048045
2/4/2011,1056430
1/28/2011,1053321
1/21/2011,1047782
1/14/2011,1045386
1/7/2011,1043022
12/31/2010,1042318
12/24/2010,1048644
12/17/2010,1057803
12/10/2010,1063806
12/3/2010,1079441
11/26/2010,1085070
11/19/2010,1085113
11/12/2010,1085370
11/5/2010,1094474
10/29/2010,1106559
10/22/2010,1112019
10/15/2010,1111433
10/8/2010,1113455
10/1/2010,1118129
9/24/2010,1118289
9/17/2010,1123403
9/10/2010,1120106
9/3/2010,1123024
8/27/2010,1122743
8/20/2010,1118706
8/13/2010,1109785
8/6/2010,1104448
7/30/2010,1104322
7/23/2010,1098220
7/16/2010,1089222
7/9/2010,1084093
7/2/2010,1080907
6/25/2010,1080628
6/18/2010,1077053
6/11/2010,1074374
6/4/2010,1069938
5/28/2010,1070231
5/21/2010,1072495
5/14/2010,1066661
5/7/2010,1065461
4/30/2010,1062064
4/23/2010,1052273
4/16/2010,1039380
4/9/2010,1028636
4/2/2010,1028921
3/26/2010,1021594
3/19/2010,1018388
3/12/2010,1018037
3/5/2010,1020480
2/26/2010,1025758
2/19/2010,1026108
2/12/2010,1024665
2/5/2010,1027082
1/29/2010,1025319
1/22/2010,1024548
1/15/2010,1030282
1/8/2010,1031862
1/1/2010,1028319
12/25/2009,1033280
12/18/2009,1041406
12/11/2009,1055550
12/4/2009,1068230
11/27/2009,1072485
11/20/2009,1067066
11/13/2009,1067941
11/6/2009,1072101
10/30/2009,1071131
10/23/2009,1079524
10/16/2009,1081130
10/9/2009,1085270
10/2/2009,1091072
9/25/2009,1087478
9/18/2009,1082867
9/11/2009,1074817
9/4/2009,1078090
8/28/2009,1083109
8/21/2009,1087571
8/14/2009,1090712
8/7/2009,1103509
7/31/2009,1102163
7/24/2009,1104921
7/17/2009,1099337
7/10/2009,1097480
7/3/2009,1095977
6/26/2009,1090644
6/19/2009,1086257
6/12/2009,1080943
6/5/2009,1082490
5/29/2009,1084218
5/22/2009,1069141
5/15/2009,1066938
5/8/2009,1067702
5/1/2009,1068948
4/24/2009,1060609
4/17/2009,1055185
4/10/2009,1043847
4/3/2009,1035682
3/27/2009,1033007
3/20/2009,1026592
3/13/2009,1023756
3/6/2009,1020705
2/27/2009,1018313
2/20/2009,1017280
2/13/2009,1020225
2/6/2009,1026413
1/30/2009,1023913
1/23/2009,1022490
1/16/2009,1018956
1/9/2009,1007165
1/2/2009,998875
12/26/2008,991842
12/19/2008,995980
12/12/2008,997569
12/5/2008,1000303
11/28/2008,993680
11/21/2008,994066
11/14/2008,984373
11/7/2008,981596
10/31/2008,980551
10/24/2008,975395
10/17/2008,968685
10/10/2008,959170
10/3/2008,947407
9/26/2008,927734
9/19/2008,927254
9/12/2008,945121
9/5/2008,957096
8/29/2008,972295
8/22/2008,975909
8/15/2008,973648
8/8/2008,965365
8/1/2008,970827
7/25/2008,968297
7/18/2008,965760
7/11/2008,963797
7/4/2008,956308
6/27/2008,959451
6/20/2008,957211
6/13/2008,951737
6/6/2008,951145
5/30/2008,950913
5/23/2008,950651
5/16/2008,960394
5/9/2008,960812
5/2/2008,955771
4/25/2008,950280
4/18/2008,941448
4/11/2008,940660
4/4/2008,948665
3/28/2008,957327
3/21/2008,955827
3/14/2008,962360
3/7/2008,965271
2/29/2008,958463
2/22/2008,962921
2/15/2008,960263
2/8/2008,963970
2/1/2008,963194
1/25/2008,953837
1/18/2008,954789
1/11/2008,952637
1/4/2008,949024
12/28/2007,956865
12/21/2007,964224
12/14/2007,974682
12/7/2007,983033
11/30/2007,984579
11/23/2007,988370
11/16/2007,990153
11/9/2007,997031
11/2/2007,996387
10/26/2007,997433
10/19/2007,998518
10/12/2007,1006364
10/5/2007,1003829
9/28/2007,1004348
9/21/2007,1003397
9/14/2007,999213
9/7/2007,1002077
8/31/2007,1005439
8/24/2007,1010856
8/17/2007,1013016
8/10/2007,1012505
8/3/2007,1017012
7/27/2007,1017134
7/20/2007,1017876
7/13/2007,1013136
7/6/2007,1011887
6/29/2007,1009446
6/22/2007,1001205
6/15/2007,1000643
6/8/2007,990761
6/1/2007,990094
5/25/2007,986323
5/18/2007,984585
5/11/2007,978207
5/4/2007,971286
4/27/2007,965015
4/20/2007,964854
4/13/2007,964973
4/6/2007,964749
3/30/2007,964836
3/23/2007,962188
3/16/2007,961792
3/9/2007,964702
3/2/2007,967267
2/23/2007,983158
2/16/2007,992035
2/9/2007,1003096
2/2/2007,1014388
1/26/2007,1024884
1/19/2007,1024581
1/12/2007,1023121
1/5/2007,1014066
12/29/2006,1007428
12/22/2006,1005628
12/15/2006,1012996
12/8/2006,1020926
12/1/2006,1028395
11/24/2006,1032765
11/17/2006,1040312
11/10/2006,1036437
11/3/2006,1045456
10/27/2006,1052230
10/20/2006,1055574
10/13/2006,1066918
10/6/2006,1072703
9/29/2006,1072459
9/22/2006,1068431
9/15/2006,1059272
9/8/2006,1055009
9/1/2006,1050565
8/25/2006,1048712
8/18/2006,1044701
8/11/2006,1040437
8/4/2006,1039279
7/28/2006,1041323
7/21/2006,1036182
7/14/2006,1033657
7/7/2006,1027014
6/30/2006,1028856
6/23/2006,1028588
6/16/2006,1028031
6/9/2006,1020183
6/2/2006,1013521
5/26/2006,1007034
5/19/2006,998914
5/12/2006,995307
5/5/2006,993516
4/28/2006,988051
4/21/2006,985856
4/14/2006,983056
4/7/2006,988906
3/31/2006,991682
3/24/2006,996303
3/17/2006,999605
3/10/2006,1005099
3/3/2006,1008137
2/24/2006,1007006
2/17/2006,1010956
2/10/2006,1013007
2/3/2006,1008844
1/27/2006,1006053
1/20/2006,1004201
1/13/2006,1000325
1/6/2006,995095
12/30/2005,993515
12/23/2005,995679
12/16/2005,1003025
12/9/2005,1010894
12/2/2005,1009606
11/25/2005,1003765
11/18/2005,1001592
11/11/2005,999984
11/4/2005,1001032
10/28/2005,989484
10/21/2005,987940
10/14/2005,988165
10/7/2005,981909
9/30/2005,988930
9/23/2005,998825
9/16/2005,996314
9/9/2005,989478
9/2/2005,993600
8/26/2005,1008473
8/19/2005,1006016
8/12/2005,1005580
8/5/2005,1008891
7/29/2005,1005508
7/22/2005,1000618
7/15/2005,1002886
7/8/2005,1000442
7/1/2005,999479
6/24/2005,997616
6/17/2005,988235
6/10/2005,985336
6/3/2005,982511
5/27/2005,982544
5/20/2005,975119
5/13/2005,971120
5/6/2005,962977
4/29/2005,956258
4/22/2005,951247
4/15/2005,944566
4/8/2005,945783
4/1/2005,939995
3/25/2005,936891
3/18/2005,931307
3/11/2005,931104
3/4/2005,936245
2/25/2005,934892
2/18/2005,934472
2/11/2005,935086
2/4/2005,936592
1/28/2005,941988
1/21/2005,945124
1/14/2005,947390
1/7/2005,944483
12/31/2004,949433
12/24/2004,951865
12/17/2004,958670
12/10/2004,959321
12/3/2004,962266
11/26/2004,956679
11/19/2004,950347
11/12/2004,948481
11/5/2004,950394
10/29/2004,947564
10/22/2004,943682
10/15/2004,942421
10/8/2004,945441
10/1/2004,946269
9/24/2004,946488
9/17/2004,945937
9/10/2004,958993
9/3/2004,962619
8/27/2004,962242
8/20/2004,963163
8/13/2004,961938
8/6/2004,960446
7/30/2004,962369
7/23/2004,959703
7/16/2004,952460
7/9/2004,950749
7/2/2004,950343
6/25/2004,944309
6/18/2004,940234
6/11/2004,935586
6/4/2004,930977
5/28/2004,927350
5/21/2004,918608
5/14/2004,917446
5/7/2004,913912
4/30/2004,911024
4/23/2004,902984
4/16/2004,896228
4/9/2004,891693
4/2/2004,896833
3/26/2004,902148
3/19/2004,896301
3/12/2004,890511
3/5/2004,888730
2/27/2004,881934
2/20/2004,879229
2/13/2004,883933
2/6/2004,885539
1/30/2004,896170
1/23/2004,898971
1/16/2004,910937
1/9/2004,911966
1/2/2004,915532
12/26/2003,912863
12/19/2003,917987
12/12/2003,921023
12/5/2003,932665
11/28/2003,936710
11/21/2003,935868
11/14/2003,942982
11/7/2003,944555
10/31/2003,949521
10/24/2003,952512
10/17/2003,949016
10/10/2003,949109
10/3/2003,950027
9/26/2003,947404
9/19/2003,942323
9/12/2003,933993
9/5/2003,923173
8/29/2003,918815
8/22/2003,913556
8/15/2003,916693
8/8/2003,915931
8/1/2003,920547
7/25/2003,914904
7/18/2003,912258
7/11/2003,914451
7/4/2003,909128
6/27/2003,908507
6/20/2003,912786
6/13/2003,913903
6/6/2003,907955
5/30/2003,905615
5/23/2003,896575
5/16/2003,895984
5/9/2003,888593
5/2/2003,889085
4/25/2003,889451
4/18/2003,882711
4/11/2003,871096
4/4/2003,868255
3/28/2003,875753
3/21/2003,870287
3/14/2003,865610
3/7/2003,868262
2/28/2003,878975
2/21/2003,881912
2/14/2003,889598
2/7/2003,896332
1/31/2003,902387
1/24/2003,919230
1/17/2003,928968
1/10/2003,935118
1/3/2003,936843
12/27/2002,938790
12/20/2002,954741
12/13/2002,960360
12/6/2002,965368
11/29/2002,960788
11/22/2002,959792
11/15/2002,964104
11/8/2002,962260
11/1/2002,967230
10/25/2002,962671
10/18/2002,965893
10/11/2002,963591
10/4/2002,965916
9/27/2002,978129
9/20/2002,986632
9/13/2002,988079
9/6/2002,993706
8/30/2002,990700
8/23/2002,996788
8/16/2002,997524
8/9/2002,996199
8/2/2002,1008745
7/26/2002,1012277
7/19/2002,1013823
7/12/2002,1016042
7/5/2002,1011612
6/28/2002,1014965
6/21/2002,1013228
6/14/2002,1014859
6/7/2002,1010164
5/31/2002,1008232
5/24/2002,1002270
5/17/2002,998755
5/10/2002,990651
5/3/2002,990056
4/26/2002,987844
4/19/2002,980795
4/12/2002,975820
4/5/2002,982188
3/29/2002,979847
3/22/2002,973361
3/15/2002,982530
3/8/2002,983285
3/1/2002,984631
2/22/2002,988046
2/15/2002,993719
2/8/2002,1000418
2/1/2002,1000514
1/25/2002,1001896
1/18/2002,1000547
1/11/2002,998574
1/4/2002,998780
12/28/2001,992919
12/21/2001,996084
12/14/2001,1003114
12/7/2001,1008484
11/30/2001,1012865
11/23/2001,1004733
11/16/2001,1003376
11/9/2001,1006026
11/2/2001,1007166
10/26/2001,1008399
10/19/2001,1009553
10/12/2001,1007961
10/5/2001,1010687
9/28/2001,1009959
9/21/2001,1004105
9/14/2001,990662
9/7/2001,990122
8/31/2001,984323
8/24/2001,986414
8/17/2001,987656
8/10/2001,994492
8/3/2001,1000970
7/27/2001,1001961
7/20/2001,1004959
7/13/2001,1004276
7/6/2001,997041
6/29/2001,996075
6/22/2001,998904
6/15/2001,996068
6/8/2001,984178
6/1/2001,983434
5/25/2001,968446
5/18/2001,959579
5/11/2001,953563
5/4/2001,945620
4/27/2001,942322
4/20/2001,923694
4/13/2001,918418
4/6/2001,910949
3/30/2001,907092
3/23/2001,909129
3/16/2001,901012
3/9/2001,902827
3/2/2001,898299
2/23/2001,902657
2/16/2001,899798
2/9/2001,907404
2/2/2001,907639
1/26/2001,906356
1/19/2001,908845
1/12/2001,906808
1/5/2001,911061
12/29/2000,914097
12/22/2000,924422
12/15/2000,931610
12/8/2000,928078
12/1/2000,938138
11/24/2000,932263
11/17/2000,932352
11/10/2000,932146
11/3/2000,928979
10/27/2000,931606
10/20/2000,937058
10/13/2000,937775
10/6/2000,949250
9/29/2000,944109
9/22/2000,938971
9/15/2000,938934
9/8/2000,945995
9/1/2000,947768
8/25/2000,942714
8/18/2000,943634
8/11/2000,942669
8/4/2000,942288
7/28/2000,940466
7/21/2000,949070
7/14/2000,942910
7/7/2000,943557
6/30/2000,936838
6/23/2000,936255
6/16/2000,930063
6/9/2000,934568
6/2/2000,930705
5/26/2000,923020
5/19/2000,922234
5/12/2000,916788
5/5/2000,912206
4/28/2000,906042
4/21/2000,900051
4/14/2000,891893
4/7/2000,889073
3/31/2000,883385
3/24/2000,879853
3/17/2000,880769
3/10/2000,879956
3/3/2000,886418
2/25/2000,878771
2/18/2000,879418
2/11/2000,884554
2/4/2000,891665
1/28/2000,896962
1/21/2000,910723
1/14/2000,918976
1/7/2000,921341
12/31/1999,927748
12/24/1999,940797
12/17/1999,953903
12/10/1999,958861
12/3/1999,972293
11/26/1999,978241
11/19/1999,982237
11/12/1999,992651
11/5/1999,1000645
10/29/1999,1009930
10/22/1999,1012104
10/15/1999,1020225
10/8/1999,1022713
10/1/1999,1030155
9/24/1999,1030614
9/17/1999,1031895
9/10/1999,1030157
9/3/1999,1034843
8/27/1999,1040635
8/20/1999,1040552
8/13/1999,1044749
8/6/1999,1047706
7/30/1999,1051663
7/23/1999,1053521
7/16/1999,1059356
7/9/1999,1058057
7/2/1999,1049421
6/25/1999,1051888
6/18/1999,1053277
6/11/1999,1057154
6/4/1999,1055888
5/28/1999,1055919
5/21/1999,1052787
5/14/1999,1052088
5/7/1999,1040286
4/30/1999,1037458
4/23/1999,1031010
4/16/1999,1030475
4/9/1999,1036615
4/2/1999,1020734
3/26/1999,1017763
3/19/1999,1021163
3/12/1999,1025273
3/5/1999,1029571
2/26/1999,1031231
2/19/1999,1042731
2/12/1999,1039886
2/5/1999,1044179
1/29/1999,1043855
1/22/1999,1043485
1/15/1999,1048817
1/8/1999,1049240
1/1/1999,1042908
12/25/1998,1059408
12/18/1998,1065780
12/11/1998,1072004
12/4/1998,1066451
11/27/1998,1059383
11/20/1998,1066577
11/13/1998,1064341
11/6/1998,1069802
10/30/1998,1066636
10/23/1998,1066409
10/16/1998,1065527
10/9/1998,1067182
10/2/1998,1074172
9/25/1998,1077049
9/18/1998,1072610
9/11/1998,1076851
9/4/1998,1074512
8/28/1998,1079767
8/21/1998,1080879
8/14/1998,1087482
8/7/1998,1083330
7/31/1998,1084522
7/24/1998,1078028
7/17/1998,1067396
7/10/1998,1058363
7/3/1998,1056508
6/26/1998,1061425
6/19/1998,1057338
6/12/1998,1053289
6/5/1998,1051361
5/29/1998,1052879
5/22/1998,1043985
5/15/1998,1037708
5/8/1998,1028238
5/1/1998,1018761
4/24/1998,1006542
4/17/1998,1003049
4/10/1998,994019
4/3/1998,984675
3/27/1998,985844
3/20/1998,982601
3/13/1998,973165
3/6/1998,978943
2/27/1998,984467
2/20/1998,986525
2/13/1998,987149
2/6/1998,994409
1/30/1998,992509
1/23/1998,994467
1/16/1998,995417
1/9/1998,987051
1/2/1998,984217
12/26/1997,984363
12/19/1997,989818
12/12/1997,1000341
12/5/1997,1000748
11/28/1997,1006668
11/21/1997,1003214
11/14/1997,1004384
11/7/1997,1003594
10/31/1997,1010992
10/24/1997,1006126
10/17/1997,1003365
10/10/1997,1004343
10/3/1997,1003834
9/26/1997,998693
9/19/1997,996369
9/12/1997,993122
9/5/1997,983738
8/29/1997,978947
8/22/1997,978939
8/15/1997,977579
8/8/1997,977552
8/1/1997,973114
7/25/1997,964843
7/18/1997,976481
7/11/1997,979173
7/4/1997,979295
6/27/1997,972936
6/20/1997,976981
6/13/1997,975500
6/6/1997,971833
5/30/1997,964144
5/23/1997,942478
5/16/1997,933099
5/9/1997,932428
5/2/1997,920862
4/25/1997,932636
4/18/1997,926085
4/11/1997,924576
4/4/1997,916012
3/28/1997,914606
3/21/1997,911834
3/14/1997,913345
3/7/1997,915461
2/28/1997,906813
2/21/1997,905517
2/14/1997,911079
2/7/1997,910484
1/31/1997,911146
1/24/1997,911038
1/17/1997,909609
1/10/1997,917827
1/3/1997,912902
12/27/1996,908724
12/20/1996,906873
12/13/1996,921080
12/6/1996,932937
11/29/1996,929174
11/22/1996,924833
11/15/1996,930282
11/8/1996,936934
11/1/1996,948287
10/25/1996,936766
10/18/1996,940483
10/11/1996,940691
10/4/1996,947319
9/27/1996,948722
9/20/1996,948919
9/13/1996,944891
9/6/1996,945687
8/30/1996,947250
8/23/1996,948814
8/16/1996,938869
8/9/1996,935031
8/2/1996,935124
7/26/1996,938419
7/19/1996,944073
7/12/1996,946936
7/5/1996,945138
6/28/1996,939283
6/21/1996,937200
6/14/1996,935539
6/7/1996,933252
5/31/1996,928731
5/24/1996,911907
5/17/1996,913649
5/10/1996,912946
5/3/1996,911821
4/26/1996,901582
4/19/1996,894645
4/12/1996,892281
4/5/1996,884561
3/29/1996,886598
3/22/1996,886222
3/15/1996,893928
3/8/1996,905042
3/1/1996,901067
2/23/1996,906505
2/16/1996,912568
2/9/1996,927649
2/2/1996,943984
1/26/1996,950819
1/19/1996,957409
1/12/1996,953816
1/5/1996,955175
12/29/1995,961968
12/22/1995,970115
12/15/1995,986733
12/8/1995,985811
12/1/1995,995012
11/24/1995,1000394
11/17/1995,992765
11/10/1995,986008
11/3/1995,995729
10/27/1995,996324
10/20/1995,1002249
10/13/1995,1005058
10/6/1995,1007590
9/29/1995,1015620
9/22/1995,1008785
9/15/1995,1007889
9/8/1995,1006632
9/1/1995,1010297
8/25/1995,995693
8/18/1995,994435
8/11/1995,1003807
8/4/1995,1000165
7/28/1995,1005347
7/21/1995,1010498
7/14/1995,1016166
7/7/1995,1010077
6/30/1995,1005353
6/23/1995,1002168
6/16/1995,1009579
6/9/1995,1007105
6/2/1995,1005547
5/26/1995,1003169
5/19/1995,992322
5/12/1995,993896
5/5/1995,989712
4/28/1995,989164
4/21/1995,994666
4/14/1995,989215
4/7/1995,991633
3/31/1995,998284
3/24/1995,997725
3/17/1995,993588
3/10/1995,994785
3/3/1995,997970
2/24/1995,994038
2/17/1995,1005809
2/10/1995,1007846
2/3/1995,1018721
1/27/1995,1018773
1/20/1995,1022771
1/13/1995,1031289
1/6/1995,1031406
12/30/1994,1029548
12/23/1994,1039788
12/16/1994,1052374
12/9/1994,1053054
12/2/1994,1064797
11/25/1994,1054421
11/18/1994,1053812
11/11/1994,1055746
11/4/1994,1056886
10/28/1994,1060133
10/21/1994,1060434
10/14/1994,1066277
10/7/1994,1070372
9/30/1994,1068985
9/23/1994,1060366
9/16/1994,1056386
9/9/1994,1051625
9/2/1994,1043303
8/26/1994,1042220
8/19/1994,1036598
8/12/1994,1033979
8/5/1994,1030418
7/29/1994,1030276
7/22/1994,1029298
7/15/1994,1022604
7/8/1994,1015131
7/1/1994,1009363
6/24/1994,1002321
6/17/1994,998839
6/10/1994,997369
6/3/1994,997148
5/27/1994,989259
5/20/1994,991174
5/13/1994,992034
5/6/1994,983759
4/29/1994,979774
4/22/1994,983924
4/15/1994,977238
4/8/1994,970134
4/1/1994,973629
3/25/1994,995732
3/18/1994,1005120
3/11/1994,996804
3/4/1994,999587
2/25/1994,999336
2/18/1994,1008431
2/11/1994,1009412
2/4/1994,1020338
1/28/1994,1022402
1/21/1994,1035294
1/14/1994,1049713
1/7/1994,1052401
12/31/1993,1065992
12/24/1993,1073010
12/17/1993,1073501
12/10/1993,1079414
12/3/1993,1078583
11/26/1993,1067113
11/19/1993,1061483
11/12/1993,1069430
11/5/1993,1064738
10/29/1993,1068926
10/22/1993,1062607
10/15/1993,1054386
10/8/1993,1063395
10/1/1993,1057882
9/24/1993,1056881
9/17/1993,1064474
9/10/1993,1064706
9/3/1993,1063295
8/27/1993,1063265
8/20/1993,1057497
8/13/1993,1066945
8/6/1993,1070273
7/30/1993,1069552
7/23/1993,1066328
7/16/1993,1070428
7/9/1993,1064318
7/2/1993,1050228
6/25/1993,1056760
6/18/1993,1043794
6/11/1993,1031283
6/4/1993,1033494
5/28/1993,1019988
5/21/1993,1003142
5/14/1993,999933
5/7/1993,995574
4/30/1993,1001847
4/23/1993,1001722
4/16/1993,997069
4/9/1993,1006099
4/2/1993,994975
3/26/1993,983794
3/19/1993,979169
3/12/1993,998843
3/5/1993,994085
2/26/1993,999858
2/19/1993,1002994
2/12/1993,1017125
2/5/1993,1010055
1/29/1993,1016486
1/22/1993,1024322
1/15/1993,1027978
1/8/1993,1017925
1/1/1993,1016078
12/25/1992,1017853
12/18/1992,1042070
12/11/1992,1051993
12/4/1992,1053084
11/27/1992,1053654
11/20/1992,1049483
11/13/1992,1047675
11/6/1992,1054676
10/30/1992,1052862
10/23/1992,1054998
10/16/1992,1046409
10/9/1992,1044104
10/2/1992,1045871
9/25/1992,1044946
9/18/1992,1042791
9/11/1992,1036065
9/4/1992,1028077
8/28/1992,1028054
8/21/1992,1041586
8/14/1992,1034798
8/7/1992,1036067
7/31/1992,1038546
7/24/1992,1029838
7/17/1992,1027403
7/10/1992,1033882
7/3/1992,1028015
6/26/1992,1023803
6/19/1992,1017251
6/12/1992,1022485
6/5/1992,1010204
5/29/1992,1003498
5/22/1992,993600
5/15/1992,993599
5/8/1992,987401
5/1/1992,985153
4/24/1992,987409
4/17/1992,990053
4/10/1992,982424
4/3/1992,982898
3/27/1992,988630
3/20/1992,1001320
3/13/1992,1001487
3/6/1992,1005530
2/28/1992,1009200
2/21/1992,996328
2/14/1992,997860
2/7/1992,1006390
1/31/1992,1015725
1/24/1992,1029214
1/17/1992,1037551
1/10/1992,1041664
1/3/1992,1042440
12/27/1991,1036177
12/20/1991,1045154
12/13/1991,1056136
12/6/1991,1059296
11/29/1991,1054719
11/22/1991,1053842
11/15/1991,1055156
11/8/1991,1052724
11/1/1991,1057216
10/25/1991,1065198
10/18/1991,1066457
10/11/1991,1077918
10/4/1991,1077191
9/27/1991,1079958
9/20/1991,1079280
9/13/1991,1072777
9/6/1991,1073242
8/30/1991,1076411
8/23/1991,1069745
8/16/1991,1056705
8/9/1991,1056717
8/2/1991,1055981
7/26/1991,1052759
7/19/1991,1050214
7/12/1991,1048036
7/5/1991,1041915
6/28/1991,1042635
6/21/1991,1043797
6/14/1991,1043130
6/7/1991,1035306
5/31/1991,1030237
5/24/1991,1011949
5/17/1991,1000578
5/10/1991,991698
5/3/1991,983180
4/26/1991,980979
4/19/1991,969526
4/12/1991,967443
4/5/1991,962808
3/29/1991,967127
3/22/1991,974757
3/15/1991,979144
3/8/1991,982108
3/1/1991,987670
2/22/1991,997069
2/15/1991,996098
2/8/1991,991365
2/1/1991,992089
1/25/1991,995322
1/18/1991,997267
1/11/1991,1006734
1/4/1991,1014451
12/28/1990,1028176
12/21/1990,1039671
12/14/1990,1051147
12/7/1990,1053049
11/30/1990,1064982
11/23/1990,1064458
11/16/1990,1064285
11/9/1990,1077463
11/2/1990,1080252
10/26/1990,1079612
10/19/1990,1076105
10/12/1990,1084519
10/5/1990,1093180
9/28/1990,1098462
9/21/1990,1107920
9/14/1990,1106268
9/7/1990,1103207
8/31/1990,1093853
8/24/1990,1093287
8/17/1990,1090799
8/10/1990,1086473
8/3/1990,1099217
7/27/1990,1103760
7/20/1990,1095244
7/13/1990,1093138
7/6/1990,1084142
6/29/1990,1079161
6/22/1990,1078157
6/15/1990,1079877
6/8/1990,1076090
6/1/1990,1073856
5/25/1990,1058657
5/18/1990,1047606
5/11/1990,1033465
5/4/1990,1035614
4/27/1990,1034678
4/20/1990,1022754
4/13/1990,1027447
4/6/1990,1026553
3/30/1990,1026232
3/23/1990,1028171
3/16/1990,1025649
3/9/1990,1033756
3/2/1990,1037097
2/23/1990,1032660
2/16/1990,1052636
2/9/1990,1053257
2/2/1990,1050719
1/26/1990,1032697
1/19/1990,1019846
1/12/1990,1013190
1/5/1990,1004329
